<?xml version="1.0" encoding="UTF-8" standalone="yes"?>
<addon id="script.playlistgenerator" name="Playlist [COLOR gold]G[/COLOR]-enerator Plus" version="2.0.4" provider-name="Tha-[COLOR gold]G[/COLOR]-Thang">
    <requires>
        <import addon="xbmc.python" version="3.0.0"/>
    </requires>

    <extension point="xbmc.python.script" library="default.py">
        <provides>executable</provides>
    </extension>

    <extension point="xbmc.addon.metadata">
        <summary lang="en">Lightweight Playlist Generator</summary>
        <description lang="en">
            Generates video playlists from local & Cloud collections.
            Specialized for 'Hard-to-organize' video libraries.
        </description>
        <assets>
            <icon>resources/icon.png</icon>
            <fanart>resources/fanart.jpg</fanart>
        </assets>
        <news>
            v2.0.4 - Coloured Folder in front of clean filename
        </news>
    </extension>
</addon>